{"cameraMode":{"drawMode":0,"name":"Shaded","section":"Shading Mode"},"sceneLighting":false,"audioPlay":false,"sceneViewState":{"m_AlwaysRefresh":false,"showFog":true,"showSkybox":true,"showFlares":true,"showImageEffects":true,"showParticleSystems":true,"showVisualEffectGraphs":true,"m_FxEnabled":true},"in2DMode":false,"pivot":{"x":12.044983863830567,"y":3.8836159706115724,"z":12.789214134216309},"rotation":{"x":0.21889959275722505,"y":0.03249764442443848,"z":-0.007288191933184862,"w":0.9751859307289124},"size":1.7147310972213746,"orthographic":false}