{"cameraMode":{"drawMode":0,"name":"Shaded","section":"Shading Mode"},"sceneLighting":false,"audioPlay":false,"sceneViewState":{"m_AlwaysRefresh":false,"showFog":true,"showSkybox":false,"showFlares":true,"showImageEffects":true,"showParticleSystems":true,"showVisualEffectGraphs":true,"m_FxEnabled":true},"in2DMode":false,"pivot":{"x":-0.1966208517551422,"y":-0.055579859763383868,"z":-0.007117078639566898},"rotation":{"x":-0.09220289438962937,"y":0.810455858707428,"z":-0.1327122300863266,"w":-0.56307053565979},"size":0.21159978210926057,"orthographic":false}